{
    "product":[
    {
        "product_name":"san pham 1",
        "img":"img-laptop-...",
        "price":30000000,
        "colors":[{
            "color":"mau den",
            "color-img":[
                {
                    "img1":"....",
                    "img2":"...."
                }
            ]
          
        }],
        "dungLuong":[{
            "dungLuong":256
        },
        {
            "dungLuong":500,
            "tangGia":500000
        }
    ]
        
    }
    ]
}